index,Unassigned;__;__;__;__;__,k__Archaea;p__Euryarchaeota;c__Methanobacteria;o__Methanobacteriales;f__Methanobacteriaceae;g__Methanobrevibacter,k__Archaea;p__Euryarchaeota;c__Methanobacteria;o__Methanobacteriales;f__Methanobacteriaceae;g__Methanosphaera,k__Archaea;p__Euryarchaeota;c__Thermoplasmata;o__E2;f__[Methanomassiliicoccaceae];g__Methanomassiliicoccus,k__Archaea;p__Euryarchaeota;c__Thermoplasmata;o__E2;f__[Methanomassiliicoccaceae];g__vadinCA11,k__Bacteria;__;__;__;__;__,k__Bacteria;p__;c__;o__;f__;g__,k__Bacteria;p__Actinobacteria;c__Actinobacteria;o__Actinomycetales;f__Actinomycetaceae;g__Actinomyces,k__Bacteria;p__Actinobacteria;c__Actinobacteria;o__Actinomycetales;f__Actinomycetaceae;g__Arcanobacterium,k__Bacteria;p__Actinobacteria;c__Actinobacteria;o__Actinomycetales;f__Actinomycetaceae;g__Mobiluncus,k__Bacteria;p__Actinobacteria;c__Actinobacteria;o__Actinomycetales;f__Corynebacteriaceae;g__Corynebacterium,k__Bacteria;p__Actinobacteria;c__Actinobacteria;o__Actinomycetales;f__Micrococcaceae;g__Rothia,k__Bacteria;p__Actinobacteria;c__Actinobacteria;o__Actinomycetales;f__Propionibacteriaceae;g__,k__Bacteria;p__Actinobacteria;c__Actinobacteria;o__Actinomycetales;f__Propionibacteriaceae;g__Propionibacterium,k__Bacteria;p__Actinobacteria;c__Actinobacteria;o__Bifidobacteriales;f__Bifidobacteriaceae;g__Bifidobacterium,k__Bacteria;p__Actinobacteria;c__Actinobacteria;o__Bifidobacteriales;f__Bifidobacteriaceae;g__Gardnerella,k__Bacteria;p__Actinobacteria;c__Actinobacteria;o__Bifidobacteriales;f__Bifidobacteriaceae;g__Scardovia,k__Bacteria;p__Actinobacteria;c__Coriobacteriia;o__Coriobacteriales;f__Coriobacteriaceae;__,k__Bacteria;p__Actinobacteria;c__Coriobacteriia;o__Coriobacteriales;f__Coriobacteriaceae;g__,k__Bacteria;p__Actinobacteria;c__Coriobacteriia;o__Coriobacteriales;f__Coriobacteriaceae;g__Adlercreutzia,k__Bacteria;p__Actinobacteria;c__Coriobacteriia;o__Coriobacteriales;f__Coriobacteriaceae;g__Atopobium,k__Bacteria;p__Actinobacteria;c__Coriobacteriia;o__Coriobacteriales;f__Coriobacteriaceae;g__Collinsella,k__Bacteria;p__Actinobacteria;c__Coriobacteriia;o__Coriobacteriales;f__Coriobacteriaceae;g__Eggerthella,k__Bacteria;p__Actinobacteria;c__Coriobacteriia;o__Coriobacteriales;f__Coriobacteriaceae;g__Enterococcus,k__Bacteria;p__Actinobacteria;c__Coriobacteriia;o__Coriobacteriales;f__Coriobacteriaceae;g__Slackia,k__Bacteria;p__Bacteroidetes;__;__;__;__,k__Bacteria;p__Bacteroidetes;c__Bacteroidia;o__Bacteroidales;__;__,k__Bacteria;p__Bacteroidetes;c__Bacteroidia;o__Bacteroidales;f__;g__,k__Bacteria;p__Bacteroidetes;c__Bacteroidia;o__Bacteroidales;f__Bacteroidaceae;__,k__Bacteria;p__Bacteroidetes;c__Bacteroidia;o__Bacteroidales;f__Bacteroidaceae;g__Bacteroides,k__Bacteria;p__Bacteroidetes;c__Bacteroidia;o__Bacteroidales;f__Porphyromonadaceae;__,k__Bacteria;p__Bacteroidetes;c__Bacteroidia;o__Bacteroidales;f__Porphyromonadaceae;g__Paludibacter,k__Bacteria;p__Bacteroidetes;c__Bacteroidia;o__Bacteroidales;f__Porphyromonadaceae;g__Parabacteroides,k__Bacteria;p__Bacteroidetes;c__Bacteroidia;o__Bacteroidales;f__Porphyromonadaceae;g__Porphyromonas,k__Bacteria;p__Bacteroidetes;c__Bacteroidia;o__Bacteroidales;f__Porphyromonadaceae;g__Tannerella,k__Bacteria;p__Bacteroidetes;c__Bacteroidia;o__Bacteroidales;f__Prevotellaceae;g__,k__Bacteria;p__Bacteroidetes;c__Bacteroidia;o__Bacteroidales;f__Prevotellaceae;g__Prevotella,k__Bacteria;p__Bacteroidetes;c__Bacteroidia;o__Bacteroidales;f__Rikenellaceae;__,k__Bacteria;p__Bacteroidetes;c__Bacteroidia;o__Bacteroidales;f__Rikenellaceae;g__,k__Bacteria;p__Bacteroidetes;c__Bacteroidia;o__Bacteroidales;f__Rikenellaceae;g__AF12,k__Bacteria;p__Bacteroidetes;c__Bacteroidia;o__Bacteroidales;f__Rikenellaceae;g__Alistipes,k__Bacteria;p__Bacteroidetes;c__Bacteroidia;o__Bacteroidales;f__S24-7;g__,k__Bacteria;p__Bacteroidetes;c__Bacteroidia;o__Bacteroidales;f__[Barnesiellaceae];__,k__Bacteria;p__Bacteroidetes;c__Bacteroidia;o__Bacteroidales;f__[Barnesiellaceae];g__,k__Bacteria;p__Bacteroidetes;c__Bacteroidia;o__Bacteroidales;f__[Odoribacteraceae];g__Butyricimonas,k__Bacteria;p__Bacteroidetes;c__Bacteroidia;o__Bacteroidales;f__[Odoribacteraceae];g__Odoribacter,k__Bacteria;p__Bacteroidetes;c__Bacteroidia;o__Bacteroidales;f__[Paraprevotellaceae];g__,k__Bacteria;p__Bacteroidetes;c__Bacteroidia;o__Bacteroidales;f__[Paraprevotellaceae];g__CF231,k__Bacteria;p__Bacteroidetes;c__Bacteroidia;o__Bacteroidales;f__[Paraprevotellaceae];g__Paraprevotella,k__Bacteria;p__Bacteroidetes;c__Bacteroidia;o__Bacteroidales;f__[Paraprevotellaceae];g__YRC22,k__Bacteria;p__Bacteroidetes;c__Bacteroidia;o__Bacteroidales;f__[Paraprevotellaceae];g__[Prevotella],k__Bacteria;p__Bacteroidetes;c__Flavobacteriia;o__Flavobacteriales;f__Flavobacteriaceae;g__Capnocytophaga,k__Bacteria;p__Bacteroidetes;c__Flavobacteriia;o__Flavobacteriales;f__[Weeksellaceae];g__,k__Bacteria;p__Bacteroidetes;c__Sphingobacteriia;o__Sphingobacteriales;f__Sphingobacteriaceae;g__Pedobacter,k__Bacteria;p__Cyanobacteria;c__4C0d-2;o__YS2;f__;g__,k__Bacteria;p__Cyanobacteria;c__Chloroplast;o__Streptophyta;f__;g__,k__Bacteria;p__Elusimicrobia;c__Elusimicrobia;o__Elusimicrobiales;f__Elusimicrobiaceae;g__,k__Bacteria;p__Firmicutes;__;__;__;__,k__Bacteria;p__Firmicutes;c__Bacilli;o__Bacillales;__;__,k__Bacteria;p__Firmicutes;c__Bacilli;o__Bacillales;f__Bacillaceae;g__Bacillus,k__Bacteria;p__Firmicutes;c__Bacilli;o__Bacillales;f__Staphylococcaceae;g__Staphylococcus,k__Bacteria;p__Firmicutes;c__Bacilli;o__Gemellales;f__Gemellaceae;__,k__Bacteria;p__Firmicutes;c__Bacilli;o__Gemellales;f__Gemellaceae;g__,k__Bacteria;p__Firmicutes;c__Bacilli;o__Lactobacillales;f__Aerococcaceae;g__Abiotrophia,k__Bacteria;p__Firmicutes;c__Bacilli;o__Lactobacillales;f__Carnobacteriaceae;__,k__Bacteria;p__Firmicutes;c__Bacilli;o__Lactobacillales;f__Enterococcaceae;g__Enterococcus,k__Bacteria;p__Firmicutes;c__Bacilli;o__Lactobacillales;f__Lactobacillaceae;__,k__Bacteria;p__Firmicutes;c__Bacilli;o__Lactobacillales;f__Lactobacillaceae;g__Lactobacillus,k__Bacteria;p__Firmicutes;c__Bacilli;o__Lactobacillales;f__Lactobacillaceae;g__Pediococcus,k__Bacteria;p__Firmicutes;c__Bacilli;o__Lactobacillales;f__Leuconostocaceae;__,k__Bacteria;p__Firmicutes;c__Bacilli;o__Lactobacillales;f__Leuconostocaceae;g__Leuconostoc,k__Bacteria;p__Firmicutes;c__Bacilli;o__Lactobacillales;f__Leuconostocaceae;g__Weissella,k__Bacteria;p__Firmicutes;c__Bacilli;o__Lactobacillales;f__Streptococcaceae;__,k__Bacteria;p__Firmicutes;c__Bacilli;o__Lactobacillales;f__Streptococcaceae;g__Lactococcus,k__Bacteria;p__Firmicutes;c__Bacilli;o__Lactobacillales;f__Streptococcaceae;g__Streptococcus,k__Bacteria;p__Firmicutes;c__Bacilli;o__Turicibacterales;f__Turicibacteraceae;g__Turicibacter,k__Bacteria;p__Firmicutes;c__Clostridia;__;__;__,k__Bacteria;p__Firmicutes;c__Clostridia;o__Clostridiales;__;__,k__Bacteria;p__Firmicutes;c__Clostridia;o__Clostridiales;f__;g__,k__Bacteria;p__Firmicutes;c__Clostridia;o__Clostridiales;f__Christensenellaceae;__,k__Bacteria;p__Firmicutes;c__Clostridia;o__Clostridiales;f__Christensenellaceae;g__,k__Bacteria;p__Firmicutes;c__Clostridia;o__Clostridiales;f__Christensenellaceae;g__Christensenella,k__Bacteria;p__Firmicutes;c__Clostridia;o__Clostridiales;f__Clostridiaceae;__,k__Bacteria;p__Firmicutes;c__Clostridia;o__Clostridiales;f__Clostridiaceae;g__,k__Bacteria;p__Firmicutes;c__Clostridia;o__Clostridiales;f__Clostridiaceae;g__Clostridium,k__Bacteria;p__Firmicutes;c__Clostridia;o__Clostridiales;f__Clostridiaceae;g__SMB53,k__Bacteria;p__Firmicutes;c__Clostridia;o__Clostridiales;f__Dehalobacteriaceae;g__Dehalobacterium,k__Bacteria;p__Firmicutes;c__Clostridia;o__Clostridiales;f__EtOH8;g__,k__Bacteria;p__Firmicutes;c__Clostridia;o__Clostridiales;f__Eubacteriaceae;g__Anaerofustis,k__Bacteria;p__Firmicutes;c__Clostridia;o__Clostridiales;f__Eubacteriaceae;g__Pseudoramibacter_Eubacterium,k__Bacteria;p__Firmicutes;c__Clostridia;o__Clostridiales;f__Lachnospiraceae;__,k__Bacteria;p__Firmicutes;c__Clostridia;o__Clostridiales;f__Lachnospiraceae;g__,k__Bacteria;p__Firmicutes;c__Clostridia;o__Clostridiales;f__Lachnospiraceae;g__Anaerostipes,k__Bacteria;p__Firmicutes;c__Clostridia;o__Clostridiales;f__Lachnospiraceae;g__Blautia,k__Bacteria;p__Firmicutes;c__Clostridia;o__Clostridiales;f__Lachnospiraceae;g__Butyrivibrio,k__Bacteria;p__Firmicutes;c__Clostridia;o__Clostridiales;f__Lachnospiraceae;g__Clostridium,k__Bacteria;p__Firmicutes;c__Clostridia;o__Clostridiales;f__Lachnospiraceae;g__Coprococcus,k__Bacteria;p__Firmicutes;c__Clostridia;o__Clostridiales;f__Lachnospiraceae;g__Dorea,k__Bacteria;p__Firmicutes;c__Clostridia;o__Clostridiales;f__Lachnospiraceae;g__Lachnoanaerobaculum,k__Bacteria;p__Firmicutes;c__Clostridia;o__Clostridiales;f__Lachnospiraceae;g__Lachnobacterium,k__Bacteria;p__Firmicutes;c__Clostridia;o__Clostridiales;f__Lachnospiraceae;g__Lachnospira,k__Bacteria;p__Firmicutes;c__Clostridia;o__Clostridiales;f__Lachnospiraceae;g__Lactonifactor,k__Bacteria;p__Firmicutes;c__Clostridia;o__Clostridiales;f__Lachnospiraceae;g__Marvinbryantia,k__Bacteria;p__Firmicutes;c__Clostridia;o__Clostridiales;f__Lachnospiraceae;g__Moryella,k__Bacteria;p__Firmicutes;c__Clostridia;o__Clostridiales;f__Lachnospiraceae;g__Oribacterium,k__Bacteria;p__Firmicutes;c__Clostridia;o__Clostridiales;f__Lachnospiraceae;g__Roseburia,k__Bacteria;p__Firmicutes;c__Clostridia;o__Clostridiales;f__Lachnospiraceae;g__Shuttleworthia,k__Bacteria;p__Firmicutes;c__Clostridia;o__Clostridiales;f__Lachnospiraceae;g__[Ruminococcus],k__Bacteria;p__Firmicutes;c__Clostridia;o__Clostridiales;f__Peptococcaceae;g__,k__Bacteria;p__Firmicutes;c__Clostridia;o__Clostridiales;f__Peptococcaceae;g__Peptococcus,k__Bacteria;p__Firmicutes;c__Clostridia;o__Clostridiales;f__Peptococcaceae;g__rc4-4,k__Bacteria;p__Firmicutes;c__Clostridia;o__Clostridiales;f__Peptostreptococcaceae;__,k__Bacteria;p__Firmicutes;c__Clostridia;o__Clostridiales;f__Peptostreptococcaceae;g__,k__Bacteria;p__Firmicutes;c__Clostridia;o__Clostridiales;f__Peptostreptococcaceae;g__Peptostreptococcus,k__Bacteria;p__Firmicutes;c__Clostridia;o__Clostridiales;f__Ruminococcaceae;__,k__Bacteria;p__Firmicutes;c__Clostridia;o__Clostridiales;f__Ruminococcaceae;g__,k__Bacteria;p__Firmicutes;c__Clostridia;o__Clostridiales;f__Ruminococcaceae;g__Anaerotruncus,k__Bacteria;p__Firmicutes;c__Clostridia;o__Clostridiales;f__Ruminococcaceae;g__Butyricicoccus,k__Bacteria;p__Firmicutes;c__Clostridia;o__Clostridiales;f__Ruminococcaceae;g__Clostridium,k__Bacteria;p__Firmicutes;c__Clostridia;o__Clostridiales;f__Ruminococcaceae;g__Faecalibacterium,k__Bacteria;p__Firmicutes;c__Clostridia;o__Clostridiales;f__Ruminococcaceae;g__Gemmiger,k__Bacteria;p__Firmicutes;c__Clostridia;o__Clostridiales;f__Ruminococcaceae;g__Oscillospira,k__Bacteria;p__Firmicutes;c__Clostridia;o__Clostridiales;f__Ruminococcaceae;g__Ruminococcus,k__Bacteria;p__Firmicutes;c__Clostridia;o__Clostridiales;f__Syntrophomonadaceae;g__Syntrophomonas,k__Bacteria;p__Firmicutes;c__Clostridia;o__Clostridiales;f__Veillonellaceae;__,k__Bacteria;p__Firmicutes;c__Clostridia;o__Clostridiales;f__Veillonellaceae;g__Acidaminococcus,k__Bacteria;p__Firmicutes;c__Clostridia;o__Clostridiales;f__Veillonellaceae;g__Anaerovibrio,k__Bacteria;p__Firmicutes;c__Clostridia;o__Clostridiales;f__Veillonellaceae;g__Dialister,k__Bacteria;p__Firmicutes;c__Clostridia;o__Clostridiales;f__Veillonellaceae;g__Megamonas,k__Bacteria;p__Firmicutes;c__Clostridia;o__Clostridiales;f__Veillonellaceae;g__Megasphaera,k__Bacteria;p__Firmicutes;c__Clostridia;o__Clostridiales;f__Veillonellaceae;g__Mitsuokella,k__Bacteria;p__Firmicutes;c__Clostridia;o__Clostridiales;f__Veillonellaceae;g__Phascolarctobacterium,k__Bacteria;p__Firmicutes;c__Clostridia;o__Clostridiales;f__Veillonellaceae;g__Schwartzia,k__Bacteria;p__Firmicutes;c__Clostridia;o__Clostridiales;f__Veillonellaceae;g__Selenomonas,k__Bacteria;p__Firmicutes;c__Clostridia;o__Clostridiales;f__Veillonellaceae;g__Succiniclasticum,k__Bacteria;p__Firmicutes;c__Clostridia;o__Clostridiales;f__Veillonellaceae;g__Veillonella,k__Bacteria;p__Firmicutes;c__Clostridia;o__Clostridiales;f__[Mogibacteriaceae];__,k__Bacteria;p__Firmicutes;c__Clostridia;o__Clostridiales;f__[Mogibacteriaceae];g__,k__Bacteria;p__Firmicutes;c__Clostridia;o__Clostridiales;f__[Mogibacteriaceae];g__Mogibacterium,k__Bacteria;p__Firmicutes;c__Clostridia;o__Clostridiales;f__[Tissierellaceae];g__1-68,k__Bacteria;p__Firmicutes;c__Clostridia;o__Clostridiales;f__[Tissierellaceae];g__Anaerococcus,k__Bacteria;p__Firmicutes;c__Clostridia;o__Clostridiales;f__[Tissierellaceae];g__Finegoldia,k__Bacteria;p__Firmicutes;c__Clostridia;o__Clostridiales;f__[Tissierellaceae];g__Parvimonas,k__Bacteria;p__Firmicutes;c__Clostridia;o__Clostridiales;f__[Tissierellaceae];g__Peptoniphilus,k__Bacteria;p__Firmicutes;c__Clostridia;o__Clostridiales;f__[Tissierellaceae];g__WAL_1855D,k__Bacteria;p__Firmicutes;c__Clostridia;o__Clostridiales;f__[Tissierellaceae];g__ph2,k__Bacteria;p__Firmicutes;c__Erysipelotrichi;o__Erysipelotrichales;f__Erysipelotrichaceae;__,k__Bacteria;p__Firmicutes;c__Erysipelotrichi;o__Erysipelotrichales;f__Erysipelotrichaceae;g__,k__Bacteria;p__Firmicutes;c__Erysipelotrichi;o__Erysipelotrichales;f__Erysipelotrichaceae;g__Allobaculum,k__Bacteria;p__Firmicutes;c__Erysipelotrichi;o__Erysipelotrichales;f__Erysipelotrichaceae;g__Anaerorhabdus,k__Bacteria;p__Firmicutes;c__Erysipelotrichi;o__Erysipelotrichales;f__Erysipelotrichaceae;g__Bulleidia,k__Bacteria;p__Firmicutes;c__Erysipelotrichi;o__Erysipelotrichales;f__Erysipelotrichaceae;g__Catenibacterium,k__Bacteria;p__Firmicutes;c__Erysipelotrichi;o__Erysipelotrichales;f__Erysipelotrichaceae;g__Clostridium,k__Bacteria;p__Firmicutes;c__Erysipelotrichi;o__Erysipelotrichales;f__Erysipelotrichaceae;g__Coprobacillus,k__Bacteria;p__Firmicutes;c__Erysipelotrichi;o__Erysipelotrichales;f__Erysipelotrichaceae;g__Holdemania,k__Bacteria;p__Firmicutes;c__Erysipelotrichi;o__Erysipelotrichales;f__Erysipelotrichaceae;g__RFN20,k__Bacteria;p__Firmicutes;c__Erysipelotrichi;o__Erysipelotrichales;f__Erysipelotrichaceae;g__[Eubacterium],k__Bacteria;p__Firmicutes;c__Erysipelotrichi;o__Erysipelotrichales;f__Erysipelotrichaceae;g__cc_115,k__Bacteria;p__Firmicutes;c__Erysipelotrichi;o__Erysipelotrichales;f__Erysipelotrichaceae;g__p-75-a5,k__Bacteria;p__Fusobacteria;c__Fusobacteriia;o__Fusobacteriales;f__Fusobacteriaceae;__,k__Bacteria;p__Fusobacteria;c__Fusobacteriia;o__Fusobacteriales;f__Fusobacteriaceae;g__,k__Bacteria;p__Fusobacteria;c__Fusobacteriia;o__Fusobacteriales;f__Fusobacteriaceae;g__Fusobacterium,k__Bacteria;p__Fusobacteria;c__Fusobacteriia;o__Fusobacteriales;f__Leptotrichiaceae;g__Leptotrichia,k__Bacteria;p__Fusobacteria;c__Fusobacteriia;o__Fusobacteriales;f__Leptotrichiaceae;g__Sneathia,k__Bacteria;p__Lentisphaerae;c__[Lentisphaeria];o__Victivallales;f__Victivallaceae;g__,k__Bacteria;p__Lentisphaerae;c__[Lentisphaeria];o__Victivallales;f__Victivallaceae;g__Victivallis,k__Bacteria;p__OD1;__;__;__;__,k__Bacteria;p__OD1;c__;o__;f__;g__,k__Bacteria;p__Proteobacteria;__;__;__;__,k__Bacteria;p__Proteobacteria;c__Alphaproteobacteria;__;__;__,k__Bacteria;p__Proteobacteria;c__Alphaproteobacteria;o__Caulobacterales;f__Caulobacteraceae;g__Brevundimonas,k__Bacteria;p__Proteobacteria;c__Alphaproteobacteria;o__RF32;f__;g__,k__Bacteria;p__Proteobacteria;c__Alphaproteobacteria;o__Rhizobiales;f__Brucellaceae;g__Ochrobactrum,k__Bacteria;p__Proteobacteria;c__Alphaproteobacteria;o__Rhizobiales;f__Phyllobacteriaceae;__,k__Bacteria;p__Proteobacteria;c__Alphaproteobacteria;o__Rhizobiales;f__Rhizobiaceae;g__Agrobacterium,k__Bacteria;p__Proteobacteria;c__Alphaproteobacteria;o__Rhizobiales;f__Rhizobiaceae;g__Shinella,k__Bacteria;p__Proteobacteria;c__Alphaproteobacteria;o__Rhodobacterales;f__Rhodobacteraceae;g__Paracoccus,k__Bacteria;p__Proteobacteria;c__Alphaproteobacteria;o__Rickettsiales;__;__,k__Bacteria;p__Proteobacteria;c__Alphaproteobacteria;o__Rickettsiales;f__mitochondria;g__,k__Bacteria;p__Proteobacteria;c__Alphaproteobacteria;o__Rickettsiales;f__mitochondria;g__Raphanus,k__Bacteria;p__Proteobacteria;c__Alphaproteobacteria;o__Sphingomonadales;f__Sphingomonadaceae;g__Sphingomonas,k__Bacteria;p__Proteobacteria;c__Betaproteobacteria;__;__;__,k__Bacteria;p__Proteobacteria;c__Betaproteobacteria;o__Burkholderiales;__;__,k__Bacteria;p__Proteobacteria;c__Betaproteobacteria;o__Burkholderiales;f__Alcaligenaceae;g__Achromobacter,k__Bacteria;p__Proteobacteria;c__Betaproteobacteria;o__Burkholderiales;f__Alcaligenaceae;g__Sutterella,k__Bacteria;p__Proteobacteria;c__Betaproteobacteria;o__Burkholderiales;f__Comamonadaceae;__,k__Bacteria;p__Proteobacteria;c__Betaproteobacteria;o__Burkholderiales;f__Oxalobacteraceae;__,k__Bacteria;p__Proteobacteria;c__Betaproteobacteria;o__Burkholderiales;f__Oxalobacteraceae;g__Oxalobacter,k__Bacteria;p__Proteobacteria;c__Betaproteobacteria;o__Burkholderiales;f__Oxalobacteraceae;g__Ralstonia,k__Bacteria;p__Proteobacteria;c__Betaproteobacteria;o__Neisseriales;f__Neisseriaceae;g__Kingella,k__Bacteria;p__Proteobacteria;c__Betaproteobacteria;o__Neisseriales;f__Neisseriaceae;g__Neisseria,k__Bacteria;p__Proteobacteria;c__Deltaproteobacteria;o__Desulfovibrionales;f__Desulfovibrionaceae;__,k__Bacteria;p__Proteobacteria;c__Deltaproteobacteria;o__Desulfovibrionales;f__Desulfovibrionaceae;g__,k__Bacteria;p__Proteobacteria;c__Deltaproteobacteria;o__Desulfovibrionales;f__Desulfovibrionaceae;g__Bilophila,k__Bacteria;p__Proteobacteria;c__Deltaproteobacteria;o__Desulfovibrionales;f__Desulfovibrionaceae;g__Desulfovibrio,k__Bacteria;p__Proteobacteria;c__Epsilonproteobacteria;o__Campylobacterales;f__Campylobacteraceae;g__Campylobacter,k__Bacteria;p__Proteobacteria;c__Epsilonproteobacteria;o__Campylobacterales;f__Helicobacteraceae;g__Helicobacter,k__Bacteria;p__Proteobacteria;c__Gammaproteobacteria;o__Aeromonadales;f__Succinivibrionaceae;g__Succinivibrio,k__Bacteria;p__Proteobacteria;c__Gammaproteobacteria;o__Cardiobacteriales;f__Cardiobacteriaceae;g__Cardiobacterium,k__Bacteria;p__Proteobacteria;c__Gammaproteobacteria;o__Enterobacteriales;f__Enterobacteriaceae;__,k__Bacteria;p__Proteobacteria;c__Gammaproteobacteria;o__Enterobacteriales;f__Enterobacteriaceae;g__Providencia,k__Bacteria;p__Proteobacteria;c__Gammaproteobacteria;o__Pasteurellales;f__Pasteurellaceae;__,k__Bacteria;p__Proteobacteria;c__Gammaproteobacteria;o__Pasteurellales;f__Pasteurellaceae;g__Aggregatibacter,k__Bacteria;p__Proteobacteria;c__Gammaproteobacteria;o__Pasteurellales;f__Pasteurellaceae;g__Haemophilus,k__Bacteria;p__Proteobacteria;c__Gammaproteobacteria;o__Pseudomonadales;f__Moraxellaceae;g__Acinetobacter,k__Bacteria;p__Proteobacteria;c__Gammaproteobacteria;o__Pseudomonadales;f__Pseudomonadaceae;__,k__Bacteria;p__Proteobacteria;c__Gammaproteobacteria;o__Pseudomonadales;f__Pseudomonadaceae;g__Pseudomonas,k__Bacteria;p__Proteobacteria;c__Gammaproteobacteria;o__Xanthomonadales;f__Xanthomonadaceae;g__Ignatzschineria,k__Bacteria;p__Proteobacteria;c__Gammaproteobacteria;o__Xanthomonadales;f__Xanthomonadaceae;g__Pseudoxanthomonas,k__Bacteria;p__Spirochaetes;c__Spirochaetes;__;__;__,k__Bacteria;p__Spirochaetes;c__Spirochaetes;o__Spirochaetales;f__Spirochaetaceae;g__Treponema,k__Bacteria;p__Spirochaetes;c__[Brachyspirae];o__[Brachyspirales];f__Brachyspiraceae;g__Brachyspira,k__Bacteria;p__Synergistetes;c__Synergistia;o__Synergistales;f__Dethiosulfovibrionaceae;g__Pyramidobacter,k__Bacteria;p__Synergistetes;c__Synergistia;o__Synergistales;f__Dethiosulfovibrionaceae;g__TG5,k__Bacteria;p__Synergistetes;c__Synergistia;o__Synergistales;f__Synergistaceae;g__,k__Bacteria;p__Synergistetes;c__Synergistia;o__Synergistales;f__Synergistaceae;g__Cloacibacillus,k__Bacteria;p__Synergistetes;c__Synergistia;o__Synergistales;f__Synergistaceae;g__Synergistes,k__Bacteria;p__TM7;c__TM7-3;o__;f__;g__,k__Bacteria;p__TM7;c__TM7-3;o__CW040;f__;g__,k__Bacteria;p__TM7;c__TM7-3;o__CW040;f__F16;g__,k__Bacteria;p__TM7;c__TM7-3;o__I025;f__Rs-045;g__,k__Bacteria;p__Tenericutes;c__Mollicutes;o__Anaeroplasmatales;f__Anaeroplasmataceae;g__Anaeroplasma,k__Bacteria;p__Tenericutes;c__Mollicutes;o__Mycoplasmatales;f__Mycoplasmataceae;g__Mycoplasma,k__Bacteria;p__Tenericutes;c__Mollicutes;o__RF39;f__;g__,k__Bacteria;p__Tenericutes;c__RF3;o__ML615J-28;f__;g__,k__Bacteria;p__Verrucomicrobia;c__Opitutae;o__[Cerasicoccales];f__[Cerasicoccaceae];g__,k__Bacteria;p__Verrucomicrobia;c__Verruco-5;o__WCHB1-41;f__RFP12;g__,k__Bacteria;p__Verrucomicrobia;c__Verrucomicrobiae;o__Verrucomicrobiales;f__Verrucomicrobiaceae;g__Akkermansia
S100.8123_S2,0,0,0,0,0,51,0,6,0,0,0,0,0,0,6727,0,0,51,129,0,0,1373,0,0,0,0,2,0,0,36283,0,0,403,0,0,0,14,0,250,0,13551,0,0,5,242,678,0,0,0,0,0,4,0,0,0,0,0,0,0,0,0,0,0,0,0,0,0,404,0,0,2,0,0,0,162,0,8,1245,0,0,12,8,0,6,0,0,0,0,8,0,4337,0,15,1927,0,77,6260,1071,0,360,708,4,0,0,0,3086,0,860,0,0,0,64,0,0,1580,1870,21,98,0,3691,0,2891,2312,0,0,1855,0,108,0,0,0,7629,0,0,0,72,0,490,0,0,0,0,0,0,0,0,0,219,0,0,0,0,0,0,4,0,0,10,0,0,0,0,0,0,0,587,2,24,0,0,0,3721,0,0,0,0,0,0,0,0,0,0,0,0,5418,0,0,0,0,0,0,0,0,1659,0,0,0,0,0,47,0,0,0,34,0,0,0,0,0,0,0,0,0,0,0,0,466,12,0,0,0,0,0,0,0,0,0,10610
S101.8118_S3,0,0,0,0,0,24,0,8,0,4,13,0,0,0,1678,0,0,34,52,0,0,1114,0,0,16,0,0,0,0,10379,0,0,1074,0,0,0,17449,383,132,0,622,246,0,14,216,352,0,0,0,0,0,0,0,0,13,0,0,0,0,0,0,41,0,0,21,0,0,0,0,0,0,0,0,0,179,19,6,1520,2773,0,238,5,0,0,23,4,0,6,0,0,6288,66,75,1457,0,89,1078,527,0,854,326,0,0,0,0,6347,0,50,9,0,0,20,0,0,2291,2074,0,67,0,14208,1606,3087,4883,0,0,906,0,111,0,6,0,3795,4,8,0,200,0,80,0,0,0,0,0,2,9,0,0,32,4,0,0,234,15,9,11,0,879,0,0,0,0,59,25,0,2,0,5,12,0,0,0,58,0,0,0,0,0,0,0,0,0,0,0,0,933,0,0,31,0,0,115,0,21,171,215,16,0,0,0,111,0,0,12,71,0,0,44,0,0,0,0,0,0,0,0,3,0,0,2,0,0,0,0,0,5,38,0,2092
S102.8145_S4,0,5,0,0,0,6,0,15,0,0,0,12,0,0,20,0,0,136,206,0,5,763,11,0,0,22,0,0,0,4852,0,0,479,0,0,0,25623,26,28,0,771,12,0,17,154,40,0,0,404,0,2700,6,0,2,0,0,0,0,0,0,0,17,0,0,27,0,0,48,0,0,0,0,0,0,162,0,4,140,47,0,15,11,0,0,0,0,0,0,0,2,967,0,17,615,0,34,1274,376,0,15,102,0,0,0,0,1375,0,351,0,0,0,6,0,0,408,54,164,0,0,271,110,1331,214,0,0,2737,2708,303,0,489,38,4776,0,0,0,95,0,49,0,0,0,0,0,0,0,0,0,2,4,0,20,118,0,0,0,0,2153,0,0,0,0,30,23,0,0,44,0,4,0,0,15,11,0,0,0,0,205,0,0,0,0,0,0,12,2969,0,0,13,0,0,53,0,41,306,368,0,0,47937,0,1232,0,0,31,294,11,0,55,0,2,0,0,0,35,0,0,0,0,17,0,0,0,0,0,0,0,0,0,96
S103.8150_S5,0,0,0,0,0,66,0,4,0,0,0,0,0,0,0,0,0,63,219,0,0,145,0,0,29,0,2440,0,0,7380,0,0,228,0,0,541,19430,0,68,0,288,5407,0,61,668,314,20,433,0,0,4848,0,0,0,0,0,0,0,0,0,0,3,0,0,0,0,0,0,0,0,0,0,0,10,16,0,9,828,0,0,157,6,0,0,0,0,0,0,0,0,2476,100,0,1661,0,143,553,204,0,202,183,0,0,0,0,4400,0,1480,58,9,0,0,0,3,8395,3537,14,0,0,5661,733,8421,441,0,0,3355,0,1387,0,30,1611,5726,0,0,0,0,0,165,5,0,0,0,0,0,0,0,0,4,0,0,173,901,0,0,28,0,0,62,0,355,0,0,4,0,0,83,0,125,0,0,0,0,0,0,0,0,0,0,0,0,0,0,0,0,1201,0,88,0,0,0,0,0,111,154,3464,0,0,0,0,188,0,0,0,0,0,0,0,0,0,0,0,0,0,0,0,0,127,4,0,0,0,0,0,3,0,601,0,6
S104.8162_S6,0,155,0,0,0,3233,17,22,0,0,0,0,0,0,3780,0,0,0,398,12,0,748,49,0,0,253,3,0,185,40678,0,5,1166,4,3,0,61,169,5384,0,4172,16,9494,0,1042,956,0,0,0,0,7,0,0,0,0,0,0,0,0,0,0,8,0,0,0,0,0,0,0,0,0,0,0,0,49,14,173,851,182,0,745,4,0,0,27,0,7,0,0,23,756,0,85,21648,0,14,4903,0,0,0,19,0,0,0,0,1796,0,189,12,0,0,0,0,0,1697,385,24,0,0,4077,3019,1101,426,0,0,10918,0,157,0,3733,0,7982,0,0,0,44,0,112,0,0,0,0,0,0,0,0,0,1453,0,0,0,0,9,4,0,0,39,12,0,0,0,6,0,0,76,487,5,59,0,0,0,0,0,0,0,0,0,0,0,0,0,0,0,0,13721,0,0,32,0,0,17,0,170,3555,6383,0,0,0,0,2107,0,0,0,31,0,0,0,0,0,0,0,0,0,0,0,0,0,4,0,0,0,0,0,0,0,0,0,118
S105.8151_S7,0,0,0,0,0,196,0,0,0,0,0,0,0,0,0,0,0,0,115,0,0,0,331,0,0,0,0,0,0,71652,0,0,1612,0,0,0,123,0,0,0,35,10,0,5401,0,0,0,0,0,0,9,0,0,0,4,0,0,0,0,0,0,0,0,0,0,0,0,0,0,0,0,0,0,0,38,0,0,848,6,0,33,28,0,0,0,0,0,0,0,338,4716,0,0,1091,0,8101,329,0,0,0,0,0,0,0,0,1829,0,495,4,0,5,0,0,0,626,0,1366,35,43,0,0,3579,6037,0,0,0,0,18,0,0,0,9499,0,0,0,26,0,166,0,0,4,0,0,4,16,0,0,4,9,0,0,0,36,471,10,0,43,0,0,0,0,0,0,0,0,0,18,72,2,0,0,0,0,0,0,0,0,0,0,0,0,0,0,0,0,0,0,208,0,0,13,0,37,0,930,981,0,0,0,77,0,0,0,16,0,0,0,0,0,0,0,0,0,0,0,0,0,25,0,0,0,0,0,0,0,0,0,20
S106.8079_S8,0,0,0,0,0,71,0,0,0,0,5,0,0,0,675,0,6,0,0,0,0,476,0,0,23,0,0,0,0,22186,0,0,200,0,0,0,25,0,0,0,205,8,0,0,0,9,0,0,895,0,0,0,0,0,0,0,0,0,0,0,0,0,0,0,0,62,0,218,0,44,0,0,0,0,481,0,0,0,0,0,0,0,0,0,0,0,0,0,0,4,7198,73,0,269,0,82,63,994,0,0,0,0,0,0,44,372,0,45,0,0,0,0,0,0,80,0,0,0,0,27,156,29,0,0,0,4489,0,0,0,19750,0,1281,0,0,0,182,0,0,0,0,0,0,0,0,0,0,0,0,0,0,0,1821,0,0,0,0,0,0,0,0,0,6,0,0,0,0,0,30,0,0,0,0,0,0,0,0,0,0,0,0,0,0,0,0,3480,0,0,0,0,0,0,0,23,24,0,4,0,0,2,234,0,0,0,34,0,0,0,0,0,0,0,0,0,0,0,0,0,0,0,0,0,0,0,0,0,0,0,3
S107.8192_S9,0,0,0,0,0,47,0,6,0,0,0,3,0,0,0,0,0,0,0,0,4,0,0,0,0,0,0,0,0,69889,0,0,10305,4,0,0,69,0,0,0,681,11,0,0,0,4,0,0,9556,0,0,0,0,0,0,0,0,0,0,0,0,15,0,7,0,14,0,25,0,0,0,0,0,0,172,0,0,2,8,0,3,0,0,0,7,0,0,0,0,0,43,0,0,232,0,1759,0,0,0,0,0,0,0,0,31,327,0,266,0,0,0,0,0,0,13,0,0,0,0,0,0,435,34,0,0,7,0,336,0,280,0,0,0,9,0,8383,0,0,0,0,0,0,0,0,30,0,0,0,6,0,0,731,0,0,0,0,42,0,0,0,0,96,2,0,2,0,16,132,0,0,0,0,0,0,0,0,0,0,0,0,0,0,0,0,10438,0,0,0,0,0,7,0,0,9,0,4,0,0,0,2862,0,0,0,29,0,0,0,0,0,0,0,0,0,0,0,0,0,32,2,0,0,0,0,0,0,0,0,39
S108.8103_S10,0,0,0,0,0,74,0,7,0,0,0,0,0,0,21,0,0,0,0,18,0,143,16,0,0,0,0,0,0,66584,0,0,4872,0,0,0,0,0,0,0,991,10,0,0,6,1925,0,0,0,0,0,0,0,0,0,0,0,0,0,0,0,7,0,0,0,0,0,0,0,0,0,0,0,0,55,28,0,1948,9,0,0,0,0,0,5,0,0,0,0,0,5361,63,235,1145,0,16,1835,132,0,1905,932,0,0,0,0,9103,0,334,0,0,0,237,0,0,985,205,0,0,0,10770,727,6863,358,0,0,9130,0,226,0,0,0,0,0,0,0,40,0,8,0,0,0,0,0,0,0,0,0,98,0,0,0,0,0,0,7,0,4,0,0,0,0,0,0,0,0,0,0,95,0,0,0,0,0,0,0,0,0,0,0,0,0,0,0,0,13495,0,0,162,0,0,6,0,0,1698,0,5,0,0,0,494,0,0,0,61,0,0,0,0,0,0,0,0,6,0,0,0,0,0,0,0,0,0,0,0,0,0,0,29
S109.8446_S11,0,0,0,0,0,62,0,0,0,0,0,13,0,0,0,0,0,58,135,0,0,1135,0,15,125,0,0,0,0,27344,0,0,5191,206,0,0,19116,1494,688,0,1566,999,0,0,807,611,583,0,1126,0,3857,0,0,0,0,33,0,0,0,0,0,13,0,0,0,0,0,5,0,0,0,0,0,0,182,16,11,1472,438,0,98,6,0,0,12,0,21,0,0,0,7688,137,29,3182,0,200,3445,233,0,37,2759,0,0,48,0,2325,0,918,62,0,0,106,0,15,6081,46,67,0,0,10172,2219,6778,1813,0,0,1698,0,1769,0,71,0,3782,0,0,0,51,0,241,0,76,0,0,12,20,305,0,0,82,0,0,0,120,24,4,16,0,338,0,0,0,0,307,9,0,0,0,0,14,0,0,0,9,0,0,0,0,0,0,0,17,0,0,0,0,2839,0,0,0,0,0,36,0,0,1306,6415,54,0,0,0,1045,0,0,0,16,0,0,0,0,0,0,0,0,0,0,0,0,0,29,8,0,0,0,8,0,0,0,0,53
S110.8096_S12,0,0,0,0,0,6,5,0,0,0,0,0,0,0,142,0,0,0,56,66,0,3187,15,0,0,0,7,0,0,39750,0,0,6924,0,0,0,685,0,0,0,7034,11,0,0,0,737,0,0,155,0,108,0,0,0,0,0,0,0,0,0,0,0,0,0,0,0,0,1413,0,0,0,0,0,0,896,31,35,1366,0,0,153,0,0,0,0,0,12,0,7,0,829,0,146,313,0,26,2310,524,0,0,0,0,0,0,0,95,0,1021,0,0,0,0,0,0,3581,3,2786,0,0,39,9,3573,2531,0,0,31773,0,2,0,4395,0,2108,0,0,0,15,0,226,0,0,0,0,0,0,0,0,0,3,0,0,0,0,17,15,0,0,432,0,0,5,0,0,0,0,0,0,0,0,0,0,0,0,0,0,0,0,0,0,0,0,0,0,0,0,3639,0,0,98,0,0,0,0,663,142,1387,0,0,10,0,26945,0,0,0,7,0,0,0,0,0,0,0,0,0,0,0,0,0,0,0,0,0,0,0,0,0,0,0,11
S111.8449_S13,0,15,0,0,0,91,5,0,0,0,2,2,0,0,20,0,0,201,245,0,0,0,0,27,97,0,2,0,0,19752,0,0,4536,0,0,0,2307,10,0,0,210,902,0,2,53,55,0,0,129,0,253,0,0,0,0,0,0,0,0,0,0,8,0,0,0,0,0,57,0,0,0,0,0,0,0,0,4,2027,27,0,13,0,0,0,0,0,0,0,0,0,4609,0,0,309,0,570,712,3023,0,29,2831,0,0,0,0,6017,0,362,0,25,0,0,0,0,6596,415,0,0,0,5213,291,2067,8928,0,0,0,0,1404,0,165,0,1069,0,0,0,0,0,41,34,0,0,0,0,0,0,0,0,92,0,0,0,0,9,0,33,0,0,0,0,0,0,0,0,0,0,2351,3,83,0,0,0,0,0,0,0,0,0,0,0,0,0,0,0,0,1995,0,0,0,0,0,0,0,0,990,361,0,0,0,0,24547,0,0,0,13,0,0,0,0,0,0,0,0,107,0,0,0,0,0,0,0,0,0,0,54,0,0,0,11
S112.8459_S14,0,0,0,0,0,62,0,0,0,0,0,0,0,0,18,0,0,0,17,0,3,202,0,0,0,19,0,0,0,19788,0,0,522,0,0,0,14211,985,22,0,3355,0,0,464,181,439,0,0,1893,0,0,0,0,0,36,0,0,0,0,0,0,6,0,0,8,0,0,0,0,0,0,0,0,0,28,8,34,1079,3655,0,4896,0,0,0,37,0,0,0,0,0,8442,0,56,508,0,445,63,677,0,1575,142,0,0,0,0,614,0,991,128,0,0,25,0,0,2176,985,9,0,0,2307,0,3507,6180,0,0,196,0,45,0,38,0,4315,0,0,0,62,8,297,49,0,0,0,0,0,0,0,0,0,0,0,0,0,229,32,64,0,290,0,0,0,0,0,0,0,0,0,0,10,0,0,0,2205,0,0,0,0,0,0,0,0,0,0,0,0,3573,0,0,0,0,0,24,0,0,463,324,2,0,0,0,203,0,0,0,13,0,0,0,0,0,0,0,0,0,0,0,0,0,6,0,0,0,0,0,0,0,0,0,57
S113.8451_S15,0,0,0,0,80,169,0,0,0,0,0,0,0,0,0,0,0,0,97,0,0,48,0,0,15,0,957,1116,0,374,0,0,241,0,0,0,49190,0,24,0,0,874,0,0,38,185,215,218,0,156,6833,0,0,0,517,0,601,0,0,0,0,9,0,0,0,0,0,0,0,0,0,0,0,4,21,0,0,1188,714,0,277,0,0,0,315,0,10,0,0,0,2314,24,0,313,272,0,1514,216,0,374,1440,0,0,0,893,684,0,170,11,0,0,0,0,0,2519,3322,0,12,0,1623,215,3540,1080,0,342,0,4373,1436,0,241,70,1406,0,0,0,18,0,78,27,0,0,0,0,0,0,0,0,0,0,0,101,89,0,0,0,390,70,0,8,87,0,0,0,0,91,16,0,61,0,0,0,1384,0,0,0,0,0,0,17,0,0,432,544,0,268,0,0,52,0,0,0,424,57,10,340,3581,0,13921,2,24,0,0,0,37,0,0,0,0,0,0,0,5,0,0,0,0,4,0,0,0,0,0,0,354,5,0,1726,16
S114.8452_S16,0,296,8,0,0,129,0,17,0,0,11,21,0,0,8,0,0,0,102,222,15,593,0,0,14,0,0,0,0,21182,0,0,1226,0,0,0,64274,486,3496,0,1005,0,399,104,633,9,0,0,0,0,3,0,0,0,0,0,0,0,0,0,0,33,0,0,18,0,0,0,0,0,0,0,0,0,588,356,17,843,31,0,37,15,0,0,15,73,0,0,4,3,2825,0,69,910,0,61,4180,908,0,37,920,0,0,0,0,1745,0,616,0,0,0,121,0,0,3822,2609,22,0,0,820,661,4426,1669,0,0,1852,0,4249,0,5,2892,0,0,0,0,142,0,562,0,0,0,0,0,0,0,0,0,78,0,0,0,0,26,14,3,0,76,9,0,305,0,0,13,0,255,0,6,41,0,0,0,11,0,0,0,0,0,0,0,0,0,0,0,0,2705,0,0,0,0,0,81,0,0,2461,0,29,0,0,0,1418,0,0,0,1411,0,0,0,0,0,0,0,0,0,0,0,0,0,21,7,0,0,0,0,0,206,0,0,108
S115.8234_S17,0,0,0,0,0,227,0,12,71,0,0,0,0,0,1557,0,0,14,98,239,0,190,0,0,0,3,0,0,0,34429,0,0,6245,0,0,2,26050,1308,0,0,5153,7,0,0,694,667,0,0,0,0,0,4,0,0,0,0,0,0,0,0,0,0,0,0,0,0,0,0,0,36,0,0,0,0,36,10,3,1137,19,0,59,11,0,28,0,16,0,0,0,0,5119,45,74,2752,0,74,1168,1070,0,0,1459,0,0,0,0,3853,0,181,0,0,0,48,0,0,3664,87,0,0,0,8904,1013,3800,2033,0,0,205,0,0,0,567,0,5765,0,0,0,23,0,135,0,0,0,0,4,6,0,0,0,10,0,0,0,0,11,10,35,0,496,0,0,49,0,0,0,9,0,0,16,39,0,0,0,4,0,0,0,0,0,0,0,0,0,0,0,0,3287,0,0,0,0,0,9,0,0,406,3595,0,0,0,0,0,0,0,0,46,0,0,0,0,0,0,0,0,0,0,0,0,0,0,0,0,0,2,0,0,0,0,0,38
S116.8209_S18,2,2,0,0,0,146,0,0,0,0,6,12,0,0,13,0,0,0,10,36,0,4265,92,0,0,7,0,0,0,15005,0,0,595,0,0,0,57,0,29046,0,3653,7,0,0,10,611,0,0,0,0,0,0,0,0,3,0,0,0,0,0,0,17,0,0,0,0,0,0,0,0,0,0,0,4,51,0,413,2098,47,7,2824,120,0,0,19,0,51,0,10,679,2016,0,0,4333,0,458,714,20,0,236,29,0,0,0,0,0,0,2433,0,0,0,5,0,0,1786,2674,0,0,8,236,0,9095,3920,0,0,14,0,0,0,313,10,3,0,2,0,90,0,1128,0,0,3,0,0,0,0,0,34,103,0,0,0,0,79,268,0,0,2284,1201,0,0,0,29,5,0,0,1234,22,11,0,0,0,6,0,0,0,0,0,0,0,0,0,0,0,0,1589,0,0,0,0,0,43,43,0,11,1727,0,0,0,0,7,0,0,0,35,0,0,0,0,0,0,0,0,0,0,0,0,0,0,0,0,0,0,0,3,403,0,0,76
S117.8026_S19,0,0,0,0,0,28,0,0,0,0,0,0,0,0,204,0,0,0,21,0,2,279,0,0,64,0,0,0,0,32763,0,0,6548,0,0,0,15535,374,417,0,356,800,0,0,768,429,0,0,0,0,5236,4,0,0,0,0,0,0,0,0,0,7,0,0,0,0,0,49,0,0,0,0,0,0,573,24,5,281,9,0,48,0,0,4,0,0,0,0,0,0,2103,0,167,815,0,352,18,177,0,0,3663,0,0,0,0,4329,0,136,29,0,0,21,0,0,1311,4195,0,0,6,3582,1045,1631,1467,0,0,5967,0,1814,0,2538,0,3162,0,0,0,96,10,0,0,0,0,0,0,0,0,6,0,29,0,0,0,214,0,0,77,0,141,0,0,1738,0,15,6,0,0,0,3,31,0,0,0,5,0,0,0,0,0,0,0,0,0,0,0,0,2897,0,0,0,0,0,23,0,0,401,0,6,0,6,0,80,0,0,0,72,0,0,0,0,0,0,0,0,5,0,0,0,0,0,0,0,3,0,0,0,0,0,0,28
S118.8490_S20,0,0,0,0,0,35,0,0,0,0,0,0,0,0,0,0,3,0,0,13,0,1171,56,0,208,0,5,0,0,13218,0,0,290,0,0,0,57907,0,6,0,301,0,0,0,13,12,134,0,0,0,12879,2,0,0,0,0,0,0,0,0,0,8,0,0,0,0,0,30,0,0,0,0,0,0,446,127,0,218,11,0,2,0,0,0,7,0,0,0,0,0,2068,0,11,1460,0,25,502,219,0,18,566,0,0,0,0,1681,0,1462,0,11,0,0,0,0,556,18,114,0,0,6159,709,818,169,0,0,3992,2,0,0,172,0,9364,0,0,0,63,0,30,28,0,0,0,0,0,0,0,0,0,0,0,106,1188,0,0,31,0,33,0,0,0,0,0,0,0,0,0,27,44,0,0,0,0,0,0,0,0,0,0,0,0,0,0,0,0,4470,0,0,0,0,0,36,0,16,0,46,0,0,0,0,2063,0,0,0,221,0,0,0,0,0,0,0,0,0,0,0,0,0,20,0,0,0,0,0,0,0,0,0,56
S119.8130_S21,0,0,0,0,0,24,0,0,0,0,0,2,0,0,0,0,0,0,0,0,0,37,0,0,6,0,0,0,0,1078,0,0,114,0,0,0,21890,52,90,0,14,0,0,0,9,33,0,0,0,0,0,0,0,0,0,0,0,0,0,0,0,0,0,0,0,0,0,0,0,0,0,0,0,0,11,0,0,243,209,0,5,0,0,0,0,0,0,0,0,0,3622,52,0,334,0,0,2906,164,0,208,301,0,0,0,101,567,0,29,0,0,0,0,0,0,1895,701,0,0,0,2234,305,981,176,0,0,17,0,2493,0,0,0,0,0,0,0,0,0,40,15,0,0,0,0,0,0,0,0,4,0,0,0,88,0,0,5,0,7,0,0,0,0,0,0,0,0,0,0,3,0,0,0,0,0,0,0,0,0,0,0,0,0,0,0,0,418,0,0,24,0,0,3,0,7,105,0,0,0,0,0,0,0,0,0,4,0,0,0,0,0,0,0,0,0,0,0,0,0,0,0,0,0,0,0,0,0,0,0,0
S120.8477_S22,0,199,0,0,0,37,6,0,0,0,0,0,0,0,0,19,0,147,161,0,0,1049,0,0,217,0,0,181,0,5893,3,0,5313,3,0,0,5307,596,822,0,4525,9,0,0,225,291,488,0,62,0,2938,0,0,0,0,0,0,0,0,0,0,12,0,0,0,0,3,0,0,0,0,0,0,0,0,0,105,2584,72,0,3628,16,0,0,157,0,31,0,0,0,1170,2,0,1757,2286,317,159,268,0,42,0,0,0,0,0,1013,29,356,25,45,0,21,0,0,4363,4537,0,0,0,2077,147,5103,2121,0,0,5156,0,2444,0,1069,0,33,0,0,0,8,0,213,49,0,0,0,0,0,0,0,0,39,0,0,6,623,0,53,20,0,1034,5,0,0,0,66,3,0,412,840,0,72,0,0,0,0,0,0,0,0,0,0,0,0,0,0,0,0,641,0,0,0,0,0,0,0,0,250,1138,0,0,0,0,310,0,0,0,0,0,0,0,0,0,0,0,0,28,0,0,0,0,5,0,0,0,0,0,0,0,0,0,0
S121.8264_S23,6,0,0,0,0,97,2,0,0,0,0,2,0,0,44,0,0,0,12,34,0,839,8,0,0,0,0,0,0,16327,0,0,2262,0,0,0,8195,41,0,0,335,0,0,429,0,0,0,0,0,0,3674,0,0,0,0,0,0,0,0,0,0,0,0,0,6,0,0,6,0,0,0,0,0,0,113,0,0,1270,0,0,12,0,0,0,0,0,32,0,0,0,4782,0,47,755,0,132,965,1154,0,90,803,0,0,0,0,3012,0,1831,0,0,0,0,0,4,2735,1406,18,96,0,0,3307,2569,1085,0,0,68,0,301,0,191,0,7381,0,0,0,9,0,293,163,0,0,0,0,0,0,0,0,4,0,0,0,0,11,17,47,0,13,39,0,0,0,0,0,0,0,0,0,25,0,0,0,0,0,0,0,0,0,0,0,0,0,0,0,0,4386,0,0,0,0,0,0,0,0,678,953,0,39,0,0,0,0,0,0,0,0,0,0,0,0,0,0,139,0,0,0,0,0,10,0,0,0,0,0,0,0,0,0,2
S122.8134_S24,0,0,0,0,0,9,0,0,0,0,0,9,0,0,59,0,0,6,13,0,0,17,0,0,0,0,64,66,0,375,0,0,36,0,0,14,1350,18,31,0,115,89,0,14,0,6,224,23,0,0,101,0,4,0,77,0,0,0,0,0,0,13,0,5,0,0,0,0,0,0,0,0,0,0,76,0,0,489,389,0,61,0,0,2,0,0,2,0,0,0,605,15,0,61,49,0,172,32,0,0,35,0,0,0,27,152,0,79,0,0,0,5,0,0,861,421,0,0,0,359,33,464,184,0,0,0,59,95,0,0,0,359,0,0,0,98,0,46,0,0,0,0,0,0,0,0,0,6,0,0,0,147,0,0,0,0,33,0,0,0,0,0,15,0,350,25,0,5,0,392,0,12,0,0,0,0,0,0,0,0,0,0,0,0,85,0,0,0,0,0,41,0,0,10,43,0,0,59,0,16,0,0,0,42,0,0,0,0,0,0,0,0,0,0,0,0,0,0,0,0,0,0,0,89,12,2,138,60
S123.8176_S25,0,0,0,0,0,67,0,0,0,0,7,0,0,0,8,10,0,0,85,195,10,1377,135,0,75,0,0,0,0,21638,0,0,3127,0,0,0,283,687,0,0,11837,0,0,0,0,1071,0,0,0,0,0,0,0,0,10,0,0,0,71,190,0,9,0,0,9,0,0,3,0,0,5,0,0,11,241,0,81,712,6,0,25,47,0,0,0,0,0,0,13,0,1559,0,39,5178,0,0,1994,835,0,264,14,0,0,0,0,154,0,2661,0,0,0,0,0,4,1427,32,0,0,0,941,115,1822,1312,0,0,1259,0,8,0,35,0,468,0,0,0,17,0,226,2,0,7,19,0,7,0,0,0,566,0,0,0,0,13,0,7,0,1070,0,0,0,0,0,0,4,14,0,30,63,0,13,0,0,0,0,0,4,0,0,0,0,0,0,2,0,707,0,0,30,0,0,12,0,0,191,1189,3,0,3,0,2280,0,0,0,17,0,0,0,0,0,0,0,0,0,0,0,0,0,7,0,0,0,0,0,0,0,0,0,11510
S124.8224_S26,0,0,0,0,0,45,4,0,0,0,0,0,0,0,1734,0,0,0,37,13,0,0,66,0,0,0,0,0,0,19705,386,0,2429,0,0,0,0,0,3584,0,6121,0,0,0,2,505,0,0,0,0,0,0,0,0,0,0,0,0,0,0,0,0,0,0,0,0,0,0,0,0,0,0,0,0,58,7,25,1938,51,0,70,0,0,0,0,0,25,41,0,0,3549,0,220,1338,0,787,2298,22,0,0,1040,0,223,0,0,2009,0,405,0,0,93,0,0,0,5591,212,856,0,0,0,0,3713,3565,0,0,3701,0,642,0,1254,0,1156,0,0,0,0,0,194,0,0,0,0,0,0,0,0,0,7,0,0,0,0,0,30,33,0,250,49,0,2,0,0,0,0,20,30,20,37,0,0,0,0,0,0,0,0,0,0,0,0,0,0,0,0,1342,0,0,31,0,0,0,0,102,4,9,0,0,0,0,4,0,0,0,0,0,0,0,0,0,0,0,0,3964,0,0,0,0,0,0,0,0,0,0,0,218,0,0,4028
S125.8210_S27,0,0,0,0,0,23,0,4,0,0,0,0,0,0,82,0,0,0,0,0,0,0,18,0,54,0,0,0,0,13161,0,0,1289,0,0,0,21183,0,0,0,1995,0,0,0,0,439,268,0,0,0,0,0,0,0,0,0,0,0,0,0,0,0,0,0,0,148,0,38,0,0,0,0,0,0,469,9,0,571,0,0,0,0,0,13,9,11,0,0,0,0,3779,0,0,1230,0,381,602,6,0,1658,1732,0,0,0,0,9189,0,261,0,0,0,35,0,0,742,259,0,0,0,2390,0,953,779,0,0,4903,0,294,0,750,0,5756,0,2,0,340,0,7,0,0,4,0,0,0,0,0,0,14,0,0,0,110,0,0,0,0,73,0,0,0,0,10,0,0,0,0,4,25,0,0,0,0,0,0,0,0,0,0,2,0,0,0,0,0,0,0,0,0,0,0,0,0,0,0,0,0,0,0,0,305,0,0,0,51,0,0,0,0,0,0,0,0,0,0,0,0,0,0,0,0,0,0,0,0,0,0,0,17
S126.8135_S28,0,369,0,0,0,26,0,0,0,0,0,0,0,0,1210,0,0,0,16,35,0,2137,0,0,96,102,3,0,0,3479,0,0,751,0,0,0,14132,285,514,0,452,0,0,265,102,418,148,0,0,0,957,0,0,0,0,0,0,0,0,0,0,5,0,0,0,0,0,87,0,535,28,2,0,306,1955,0,27,1247,7970,0,846,5,0,0,0,41,45,0,0,0,2428,62,15,3171,0,0,2459,577,0,3851,700,0,0,0,0,1673,0,284,0,0,0,13,0,0,4495,2435,0,0,0,3911,1020,2663,560,0,0,0,0,45,0,587,0,5294,0,0,0,168,0,173,0,0,0,0,0,0,0,0,0,0,0,0,0,212,0,0,0,30,812,0,0,0,0,0,0,0,89,184,0,27,0,0,0,0,0,0,0,0,0,0,0,0,0,0,0,0,2026,0,0,40,0,0,0,26,79,411,1715,4,30,0,0,14,0,10,0,96,0,0,0,0,0,0,0,0,0,2,0,0,41,2,0,0,0,0,0,2850,0,48,0,5
S127.8112_S29,0,676,0,3,0,104,5,19,0,0,0,0,0,0,0,0,0,0,2541,1102,3,1155,0,37,0,0,0,0,0,6197,0,0,179,2,0,0,110,0,12,0,119,6,29,0,87,1044,0,0,0,0,7,0,0,0,9,0,0,0,0,0,0,6,0,0,23,0,0,0,0,0,2,0,0,0,171,30,59,13620,638,0,1329,70,0,0,473,0,0,0,16,312,140,0,6,759,0,0,471,24,0,0,21,0,0,0,0,65,0,1372,0,0,0,0,0,0,755,741,0,0,0,384,398,13697,3063,0,3,23,0,0,0,0,0,93,5,0,0,73,0,279,0,0,0,0,0,0,0,0,0,319,0,0,0,0,0,0,0,0,38,10,0,0,0,12,17,0,227,80,0,8,0,0,0,10,0,0,0,0,0,0,0,0,0,0,0,0,1478,0,0,0,0,0,50,0,91,863,22,0,0,0,0,3800,0,0,0,44,0,0,0,0,0,0,0,0,0,0,0,685,0,0,0,0,0,0,0,39,7,0,0,3058
S128.8202_S30,4,0,0,0,0,62,0,13,0,0,4,0,11,0,17,0,0,0,15,42,0,0,76,0,0,0,0,0,0,7627,0,0,239,0,0,0,1579,692,251,0,3891,209,0,0,2385,279,249,0,102,0,0,0,0,0,3,0,0,2,0,0,0,0,0,0,0,0,0,0,0,0,0,0,0,0,40,0,79,1710,1791,0,138,16,0,0,0,0,56,0,0,5,5264,0,0,4345,0,26,4600,477,0,0,0,0,0,0,0,2452,0,3217,77,0,0,0,0,0,11890,4274,0,0,0,13651,7,2150,3454,0,0,3767,0,503,0,0,316,9757,0,0,0,29,0,122,0,0,0,0,0,0,0,0,0,18,0,0,0,0,4,51,58,0,395,15,0,0,0,0,4,0,0,0,26,30,0,0,0,0,0,0,0,0,0,0,0,0,0,0,0,0,40,0,0,0,0,0,9,0,577,837,1820,0,0,0,0,543,0,0,0,81,0,0,0,0,0,0,0,0,51,0,0,0,0,13,0,0,0,0,0,10123,63,0,0,13
S129.8204_S31,0,0,0,0,0,56,0,12,0,0,13,0,0,0,0,0,0,0,23,61,6,744,37,0,0,0,0,0,0,52624,0,0,5178,0,0,0,1081,0,0,0,101,4,0,0,9,9,0,0,0,0,0,0,0,0,8,0,0,0,0,0,0,16,0,0,0,0,0,0,0,0,0,0,0,0,89,0,0,174,18,0,8,0,0,0,0,0,0,0,0,6,2579,0,0,1482,0,773,106,19,0,0,26,0,0,0,0,0,0,2458,0,0,0,14,0,0,189,83,0,0,0,2697,0,882,143,0,0,0,0,3,0,0,0,6155,0,2,0,80,0,0,145,0,0,0,0,0,0,0,0,0,0,0,0,0,110,22,67,0,76,0,0,0,0,14,13,0,0,0,16,52,0,0,0,0,2,0,0,0,0,0,4,0,0,0,0,0,0,0,0,0,0,0,49,0,3,1265,0,0,0,0,0,1423,0,0,0,125,0,0,0,0,0,0,0,0,0,0,0,0,0,0,0,0,0,0,0,0,0,0,0,56
S130.8507_S32,0,0,0,0,0,0,0,9,0,0,6,0,0,0,8,0,0,0,3,0,0,46,0,0,0,0,0,13,0,1775,0,0,158,0,0,0,13307,0,30,0,469,29,0,61,104,34,6,0,17,0,2243,11,0,0,25,0,0,0,0,0,0,64,0,0,27,0,0,0,0,0,0,0,0,0,237,0,0,142,101,0,22,0,0,0,8,0,0,2,0,0,934,6,0,97,0,61,66,38,0,35,122,0,0,0,0,383,0,50,0,0,0,19,0,0,342,105,0,0,0,3145,51,220,212,0,0,147,0,118,0,107,399,1059,0,0,0,338,0,27,0,0,0,0,0,0,0,0,0,25,0,0,0,26,0,0,0,0,28,0,0,256,0,70,35,0,0,0,0,3,0,0,0,17,0,0,0,0,0,0,0,0,0,0,0,0,840,0,0,0,0,0,148,6,0,39,117,9,0,0,0,88,24,0,22,133,0,0,0,0,0,0,0,0,0,0,0,0,0,23,0,2,0,0,0,0,0,0,0,275
S131.8274_S33,0,16,0,0,3,63,0,0,0,0,0,6,0,0,24,0,0,27,161,0,3,541,0,0,0,0,0,1886,0,694,0,0,106,0,0,0,46743,66,11,0,139,382,0,0,35,298,0,366,462,0,5845,0,0,0,3497,0,0,0,0,0,0,0,0,0,12,0,0,22,0,0,0,0,0,0,166,25,9,2854,1023,0,65,0,0,11,0,0,4,0,0,0,1316,0,0,474,71,3,125,491,0,126,71,0,0,0,153,603,0,242,0,44,0,45,0,0,4604,594,0,24,0,485,162,2217,658,0,0,29,7152,812,0,976,39,8368,0,5,0,0,0,142,116,0,0,0,0,0,0,0,0,0,3,0,63,341,0,0,0,0,214,0,0,0,0,5,0,0,209,679,11,17,0,0,0,0,0,0,0,0,0,0,0,0,0,0,835,0,196,0,0,34,0,0,11,0,129,51,1130,0,0,14798,0,7,0,0,0,30,0,0,0,0,0,0,0,98,0,0,0,0,94,26,0,0,0,0,0,0,0,19,0,27
S132.8297_S34,0,0,0,0,0,86,0,25,0,0,0,10,0,0,25,0,0,26,95,0,4,327,0,0,12,0,0,0,0,2849,0,0,1642,2,0,0,39564,1149,361,0,264,8,577,0,222,143,462,0,0,0,7053,0,0,0,0,0,0,0,0,0,0,0,0,0,0,70,0,127,0,0,0,0,0,0,2564,4,0,2115,1403,0,1781,0,0,0,44,0,5,0,0,0,4743,58,90,570,0,15,2839,729,0,67,1403,0,0,0,0,3035,0,150,0,0,0,41,0,0,7259,1746,0,0,0,5116,973,3361,763,4,0,235,0,5956,0,367,846,0,0,0,0,274,0,108,0,0,0,0,0,0,0,0,0,7,4,0,7,101,0,0,0,0,192,0,0,0,0,10,0,0,0,79,9,55,0,0,0,0,0,0,0,0,0,0,0,0,0,0,0,0,2342,58,0,24,0,0,19,0,51,38,0,6,0,0,0,655,0,0,0,631,0,0,0,0,0,0,0,0,0,0,0,0,0,9,0,0,0,0,0,1334,0,0,0,23
S133.8222_S35,0,0,0,0,0,22,0,0,0,0,0,5,0,0,287,0,0,0,0,0,0,239,8,0,0,0,0,0,0,57844,0,0,0,0,0,0,45,851,0,0,1157,0,0,0,900,1555,0,0,0,0,0,0,0,0,2,0,0,0,0,0,0,0,0,0,0,0,0,34,0,0,0,0,0,0,93,0,0,329,4,0,7,4,0,0,9,0,0,0,0,0,2507,44,163,266,0,190,251,50,0,26,1324,0,0,0,0,2308,0,666,13,0,0,49,0,0,1521,0,0,0,0,2155,250,3292,148,0,0,1645,0,139,0,7886,0,0,0,3,0,2038,0,12,0,0,0,0,0,0,0,0,0,49,0,0,0,0,9,0,8,0,7,0,0,0,0,149,4,2,0,0,57,74,0,0,0,0,0,0,0,0,0,0,0,0,0,0,0,0,9756,0,0,47,0,0,0,0,105,2284,98,2,0,0,0,39,0,0,0,199,0,0,0,0,0,0,0,0,0,0,0,0,0,23,0,0,0,0,0,0,0,0,0,17
S134.8546_S36,0,0,0,0,0,15,0,77,0,0,11,12,6,6,962,0,0,0,1239,2565,9,0,0,0,0,0,0,0,0,3123,0,0,34,2,0,0,208,0,6,0,128,6,0,9,0,10,0,0,0,0,19,6,0,0,21,0,0,0,0,0,0,28,0,0,66,1527,0,34,0,0,84,0,0,0,778,0,0,174,55,0,11,0,0,0,0,0,0,0,50,0,1873,0,0,2731,0,38,6846,835,0,16,29,0,0,0,0,334,0,5411,0,0,0,2179,0,0,124,41,0,0,0,81,0,788,273,0,0,2173,0,0,0,1906,7,16,0,5,0,3643,0,9,0,0,0,0,0,0,0,0,0,4,0,0,21,0,686,93,0,0,8926,0,0,4,0,23,0,0,6,0,0,3,0,0,0,16,0,0,0,0,0,0,5,0,5,0,0,0,6234,0,0,0,0,0,73,0,0,12,0,0,0,0,0,23695,0,0,19,106,0,0,0,4,0,0,0,0,0,0,0,0,0,33,0,0,0,0,0,2,5,0,0,119
S135.8381_S37,0,0,0,0,0,23,0,0,0,0,0,0,0,0,0,0,0,0,22,0,0,309,0,0,0,27,4,0,0,13840,0,0,3085,0,0,0,29819,156,19,0,786,0,0,5,599,602,0,0,1090,0,0,0,0,0,0,0,0,0,0,0,0,0,0,0,0,0,0,0,0,0,0,0,0,0,17,0,3,1236,0,0,33,13,0,0,0,0,0,0,0,0,4372,75,0,789,0,96,625,88,0,499,233,0,0,0,0,2361,0,803,0,0,0,0,0,0,1907,843,0,0,0,3172,568,2324,852,0,0,259,0,0,0,0,0,12735,0,0,0,34,0,165,26,0,0,0,0,0,0,0,0,1130,0,0,0,0,0,0,31,0,23,0,0,0,0,0,0,0,0,0,6,22,0,0,0,0,0,0,0,0,0,0,0,0,0,0,0,0,3217,0,0,0,0,0,0,0,0,0,1567,0,0,0,0,19,0,0,0,13,0,0,0,0,0,0,0,0,0,0,0,0,0,0,0,0,0,0,0,0,0,0,0,17
S136.8391_S38,0,0,0,0,0,74,0,0,0,5,0,0,0,0,1441,0,0,0,0,22,0,268,23,0,0,0,0,0,0,45559,0,0,3361,8,0,0,3052,0,0,0,3454,11,0,257,0,951,0,0,889,0,0,0,0,0,0,0,0,0,0,0,0,0,0,0,0,0,0,0,0,0,0,0,0,0,30,8,0,1074,0,0,112,7,0,0,0,0,0,0,0,0,8508,0,154,2321,0,623,3044,660,0,0,4476,0,0,0,0,4421,0,1058,18,0,0,0,8,0,4809,0,0,0,0,10788,1115,2241,5640,0,0,0,0,1901,0,3786,0,0,0,0,0,21,0,32,0,0,0,0,0,0,9,5,0,448,5,0,2,0,9,48,46,0,93,0,0,0,0,0,0,0,0,0,2,102,0,0,0,0,0,0,0,0,0,0,0,0,0,0,0,0,3618,0,0,0,0,0,16,0,0,940,0,0,0,0,0,1038,0,0,0,30,0,0,0,0,0,0,0,0,11,0,0,0,0,0,0,0,0,0,0,0,0,0,0,10
S137.8574_S39,3,30,0,0,0,136,0,61,0,10,141,156,0,0,105,0,0,0,0,0,90,103,0,0,13,4,0,188,0,15190,0,0,1231,25,0,0,6185,111,216,0,4029,17,0,311,593,282,13,0,458,0,2001,139,0,0,409,8,0,0,0,0,0,443,0,0,177,0,0,0,0,0,0,0,7,0,2598,0,34,727,741,0,104,0,0,0,260,0,0,0,0,0,3073,32,0,1065,0,415,737,371,21,114,1088,0,0,8,0,2555,0,268,30,0,0,76,0,8,1046,757,38,0,0,4835,207,1021,1450,0,30,133,0,77,0,86,0,609,0,116,0,2592,0,68,0,0,0,0,20,0,0,0,0,173,9,0,17,55,6,0,18,5,17,0,0,22,0,611,450,0,0,0,0,26,0,0,0,146,0,14,0,0,0,0,0,0,0,0,0,0,487,5,0,0,6,31,1022,0,13,255,18,57,0,0,0,253,0,0,231,1240,0,0,0,0,0,0,5,0,0,0,0,31,0,111,0,23,0,0,0,85,28,0,0,1804
S138.8047_S40,0,4,0,0,0,75,7,0,0,0,0,0,0,0,0,0,0,0,47,0,0,266,0,0,55,0,2,0,0,6490,0,0,1284,0,0,0,21455,164,387,0,861,0,0,0,219,322,0,0,120,0,0,0,0,0,126,0,0,0,0,0,0,4,0,0,0,0,0,0,0,0,0,0,0,0,183,25,0,776,234,0,38,0,0,0,0,0,4,0,0,0,1057,0,0,300,0,27,326,46,0,58,193,0,0,0,0,543,0,23,0,0,0,0,0,0,1911,144,0,0,0,526,261,1271,111,0,0,3703,0,144,0,4503,0,3688,0,0,0,0,0,50,0,0,0,0,0,0,0,0,0,0,0,0,0,99,0,0,0,0,564,0,0,0,0,0,0,0,0,0,5,38,0,0,0,0,0,0,0,0,0,0,0,0,0,0,0,0,1205,0,0,113,0,0,0,0,0,73,0,0,0,0,0,0,0,0,0,0,0,0,0,0,0,0,0,0,0,0,0,0,0,0,0,0,0,0,0,0,0,0,0,2236
S139.8583_S41,0,78,5,0,103,4254,0,0,3,0,0,0,0,0,189,0,0,43,279,16,0,183,0,0,26,0,55,2684,0,390,0,0,180,0,0,188,5544,0,53,0,14,41,0,0,179,62,541,240,0,0,786,0,0,0,2,0,497,0,0,0,0,0,0,0,0,15,0,0,0,0,0,0,0,0,0,0,22,6199,8213,0,4273,3,7,0,25,0,13,0,0,0,5371,25,0,1082,2204,0,775,67,0,220,929,0,0,0,271,301,0,43,0,28,0,0,0,0,6524,8131,0,0,0,1613,243,6411,716,0,0,972,380,1445,0,1073,625,0,0,0,0,0,0,137,19,0,0,0,0,0,0,0,0,0,5,0,120,485,0,0,0,2858,194,0,16,0,0,0,0,0,1987,48,38,20,0,2267,0,684,0,0,0,0,0,2,0,0,0,0,655,0,0,0,0,21,0,0,7,51,119,12,1056,9078,0,616,0,25,0,0,0,8,0,0,0,0,0,51,0,0,0,0,168,0,0,0,0,0,0,0,0,1089,417,1207,2389,23
S140.8013_S42,0,340,0,30,0,76,7,0,0,0,0,0,0,0,465,0,7,94,262,88,0,6329,0,10,256,0,28,0,0,35136,0,0,5478,0,0,0,15378,33,258,0,4128,12,3706,0,2567,1049,0,0,0,0,10,0,0,0,0,0,0,0,0,0,0,0,0,0,5,0,0,59,0,0,0,0,0,25,545,1065,46,1471,641,0,4435,19,0,0,61,0,38,16,3,0,2355,0,70,807,0,123,1234,1011,0,0,297,0,0,0,1327,637,0,1003,0,275,0,15,0,0,4485,2561,15,0,12,949,836,2251,1031,0,0,8676,0,1567,0,972,1467,6,0,0,0,26,0,374,140,0,0,0,0,0,0,0,0,50,0,7,23,424,0,3,20,0,2382,0,0,0,0,0,7,0,138,0,0,96,0,0,0,0,0,0,0,0,0,0,2,0,0,0,150,0,325,0,0,22,0,0,6,0,393,185,6038,0,0,0,0,6823,0,0,0,11,0,0,0,0,0,0,0,0,9897,0,0,0,0,0,0,0,0,0,0,0,0,0,0,3623
S141.8080_S43,0,335,0,0,0,55,0,0,0,0,4,3,0,0,1045,0,0,13,56,76,0,4325,107,7,0,0,3,0,0,40586,0,0,8515,0,0,0,671,2232,1059,0,9055,0,0,0,2112,1768,0,0,0,0,0,0,0,0,0,0,0,0,0,0,0,3,0,0,0,0,0,25,0,0,0,0,0,0,0,0,141,3649,16,0,3211,17,0,0,75,0,17,0,0,9,1701,0,24,1644,0,3376,509,405,0,10,96,0,0,0,0,22,0,2066,0,0,0,0,0,0,3318,3700,309,11,0,4442,215,5052,5203,0,0,0,0,0,0,4,0,4409,0,0,0,15,0,552,152,0,0,0,0,0,0,0,0,107,0,0,20,0,30,0,7,0,1782,0,0,0,0,0,0,0,0,519,0,13,0,0,0,0,0,0,0,0,0,0,13,0,0,0,0,0,1054,0,0,68,0,0,0,0,0,806,258,3,0,0,0,564,0,0,0,12,0,0,3,0,0,0,0,0,66,0,0,0,0,0,0,0,0,0,0,0,0,0,0,347
S142.8621_S44,0,11,0,0,0,104,19,26,0,0,0,0,0,0,5540,0,0,101,24,0,9,1228,0,0,61,9,0,0,0,30651,0,0,10007,27,0,0,285,0,16913,0,7159,13,0,0,0,0,0,0,0,0,0,0,0,0,0,0,0,0,0,0,19,10,0,0,23,0,0,677,0,0,0,0,0,11,843,67,6,1083,0,0,156,46,0,0,153,99,26,0,0,8,3489,0,0,1188,0,20,646,960,0,0,369,0,0,36,0,1854,0,707,18,0,0,140,0,0,3932,2981,29,0,0,9192,2170,3882,4375,0,0,13006,0,1049,12,2421,297,796,0,0,9,21,0,321,0,0,0,0,0,9,76,0,0,5,0,8,0,523,39,18,49,0,426,16,0,0,0,0,0,13,0,0,10,55,0,0,0,0,0,0,0,0,0,0,0,0,0,0,0,0,2523,0,0,209,0,0,10,0,0,1576,392,27,0,0,0,458,0,0,0,250,0,0,0,0,0,0,0,0,0,0,0,0,0,19,7,0,0,0,0,0,0,0,0,16
S143.8071_S45,0,179,0,0,0,56,0,0,0,0,0,0,0,0,71,0,0,0,54,160,0,607,15,0,0,0,0,2931,0,10450,20,0,1170,2,0,0,14780,205,238,0,1881,5551,0,0,504,430,123,0,407,0,4669,0,0,0,10,0,0,0,0,0,0,0,0,0,0,0,0,0,0,0,0,0,0,6,13,0,0,1656,1528,0,62,13,0,0,14,0,22,0,0,0,5953,242,0,1121,0,23,2380,678,0,25,2459,0,0,0,0,1520,0,779,0,0,56,0,0,0,7054,2178,27,127,47,1945,2481,8757,3252,0,0,0,0,791,0,0,107,10562,0,0,0,19,0,427,294,0,0,0,0,0,0,0,3,68,0,0,93,1531,0,0,7,0,399,0,0,0,0,0,0,0,0,27,0,13,0,0,0,0,0,0,0,0,0,0,0,0,0,0,0,0,2451,0,0,0,0,0,0,0,115,0,15,6,0,0,0,11,0,0,0,7,0,0,0,0,0,0,0,0,0,0,0,0,0,15,0,0,0,0,0,95,0,0,0,16
S144.8417_S46,0,0,0,0,0,35,10,13,0,0,3,5,0,0,72,41,0,0,0,0,0,212,0,0,0,0,0,55,0,59774,0,0,219,30,0,0,153,158,68,0,6628,3,0,0,0,1006,0,0,7,0,0,0,0,0,9,0,0,0,0,0,0,16,0,0,0,0,0,0,0,0,0,0,0,0,132,40,7,248,44,0,41,3,0,0,56,0,0,0,0,0,4831,0,143,279,0,134,181,94,0,0,500,0,0,0,0,1336,6,981,0,0,0,7,0,0,1917,1718,116,0,0,915,286,2924,1046,0,0,6651,0,141,0,1006,0,4377,0,0,0,118,0,6,0,4,0,3,0,59,22,0,0,83,0,0,0,0,15,4,33,0,70,0,0,0,0,75,5,353,0,0,16,68,0,0,0,7,0,0,0,0,0,0,0,0,0,0,0,0,3518,0,0,0,0,0,29,0,0,2139,0,7,0,0,0,1254,0,0,0,41,0,0,0,0,0,0,0,0,0,0,0,0,0,15,0,0,14,0,10,0,0,0,0,83
S145.8371_S47,0,120,0,0,0,69,0,8,0,0,0,0,0,0,9,0,0,373,99,0,0,765,0,0,308,0,0,0,0,6243,0,0,1180,0,0,0,14734,487,606,0,2692,163,0,0,3198,967,349,0,821,0,0,0,0,0,0,0,0,0,0,0,0,11,0,0,0,76,0,110,2478,0,0,0,0,0,95,212,29,1163,79,0,155,68,0,0,91,0,0,0,0,0,4667,0,22,3978,0,0,152,732,0,0,2291,0,0,0,0,5644,0,534,0,217,0,164,0,0,1427,645,0,0,0,31853,1180,436,2884,0,0,99,0,435,0,0,0,3470,0,0,0,66,0,86,59,0,0,0,0,0,0,0,0,139,0,0,0,303,8,10,0,0,1410,0,0,0,0,29,0,0,0,0,9,86,0,0,0,0,0,0,0,0,0,0,0,0,0,0,0,0,1354,0,0,93,0,0,8,0,30,54,518,0,0,0,0,221,0,0,0,349,0,7,0,0,0,0,0,0,8,0,0,0,16,9,0,0,0,0,0,160,0,0,0,25
S146.8430_S48,0,147,0,0,0,35,0,0,0,0,0,0,0,0,32,0,0,0,67,134,0,96,0,0,12,0,2,0,0,12004,0,0,816,0,0,0,16894,781,198,0,879,633,50,0,837,270,200,0,0,0,0,0,0,0,0,0,0,0,0,0,0,0,0,0,0,0,0,294,0,0,0,0,0,0,312,12,13,1836,81,0,78,7,0,0,53,0,26,0,0,0,3185,0,72,1085,0,38,1445,109,0,850,88,0,0,0,0,748,0,856,0,93,0,18,0,0,5888,412,0,0,11,4424,117,7220,2939,0,0,137,0,3280,0,0,0,0,0,0,0,149,0,217,32,0,0,0,0,0,0,0,0,0,0,0,0,0,121,145,0,829,123,33,0,0,0,0,0,0,0,602,0,43,0,0,0,0,0,0,0,0,0,0,0,0,0,0,0,0,1211,0,0,113,0,0,0,0,0,60,360,0,0,0,0,66,0,0,0,0,0,0,0,0,0,0,0,0,0,0,0,0,0,0,0,0,0,0,0,155,0,0,0,0
S147.8369_S49,5,2688,12,0,0,384,0,0,0,0,0,0,0,0,151,0,0,623,1816,273,2,2064,0,0,51,142,383,7810,0,3270,0,0,591,0,0,815,2656,1404,7,44,582,739,15,3,258,116,2150,0,331,0,3366,0,0,0,177,0,0,2,0,0,0,0,0,0,0,0,0,0,0,0,0,0,0,0,0,9,32,13975,534,7,2660,23,0,0,0,0,46,0,0,5,737,0,0,576,0,56,575,235,0,13,0,0,0,0,327,277,0,79,0,8,0,0,0,0,7881,7189,212,0,0,335,941,25645,1606,0,0,0,0,41,0,0,0,7339,0,0,0,0,0,2084,1052,0,0,0,0,0,0,0,13,0,0,0,28,445,0,0,0,74,1252,0,19,0,0,5,0,8,4705,451,7,36,0,0,0,0,0,0,0,0,0,0,0,0,0,0,1776,0,0,0,0,236,0,0,0,39,323,449,1547,0,0,5,0,0,0,0,0,6,0,0,0,0,0,0,0,578,0,0,0,211,811,0,0,0,0,0,0,21,456,2950,0,20
S148.8242_S50,0,0,0,0,0,39,0,12,0,0,0,0,0,0,85,0,0,0,7,0,0,97,0,0,0,0,0,0,0,70385,0,0,3197,0,0,0,12,0,21,0,0,14,0,0,0,0,0,0,0,0,0,0,0,0,0,0,0,0,0,0,0,0,6,0,0,0,0,0,0,0,0,0,0,0,309,0,0,1301,5,0,0,0,0,0,0,0,0,0,0,0,4294,207,0,467,0,484,985,242,0,0,0,0,0,0,0,539,0,1230,0,0,0,0,0,0,1079,6,0,0,0,4002,0,1935,383,0,0,4758,0,104,0,1099,0,7111,0,0,0,151,0,5,0,0,0,0,0,0,0,0,0,18,5,0,0,0,69,0,36,0,4,0,0,17869,1188,0,0,0,0,0,9,79,0,0,0,0,0,0,0,0,0,0,17,0,0,0,0,0,8262,0,0,0,0,0,0,0,0,1464,0,0,0,0,0,0,0,0,0,12,0,0,0,0,0,0,0,0,0,0,0,0,0,19,0,0,0,0,0,0,0,0,0,13
S149.8312_S51,0,4,0,0,106,101,0,0,0,0,0,0,0,0,0,0,0,144,588,135,0,461,0,0,80,0,0,4331,0,869,0,0,332,0,0,55,45535,0,26,0,11,1132,0,2,207,283,3,325,241,0,6827,0,0,0,0,0,0,0,0,0,0,0,0,0,0,0,0,87,0,0,0,8,0,0,16,0,0,3782,344,0,182,3,0,0,15,0,23,0,0,0,5581,0,0,511,62,0,1389,306,0,677,1205,0,0,0,767,4881,0,390,0,24,0,8,0,0,6978,2240,0,0,0,4718,499,6391,1225,0,0,13,0,435,0,0,0,7424,0,0,0,17,0,344,114,0,0,0,0,0,0,0,0,0,0,0,120,615,0,0,0,0,387,0,13,0,0,3,0,0,0,27,17,26,0,0,0,0,0,0,2,0,0,0,0,0,0,0,2129,0,280,0,0,0,0,0,0,0,124,45,1862,0,0,22831,0,7406,0,0,0,0,0,0,0,0,0,0,0,0,0,0,0,0,0,4,0,0,0,0,0,24,0,0,0,6